Domain name,Agency,Maintaining office,Use case,Type of government,Federal branch,State,Comments,Link,Date Added
adaweb.net,,,,County,,Idaho,"Ada County, ID -- Note added 7/14/14 13:54",https://adacounty.id.gov/,6/6/13 18:08
afneurope.net,Department of Defense (DOD),,,Federal,,,American Forces Network Europe. AFN American Forces Network &reg; is a registered trademark of the U.S. Department of Defense. -- Note added 5/8/15 14:17,http://www.afneurope.net/,5/8/15 14:16
afnpacific.net,Department of Defense (DOD),,,Federal,,,American Forces Network Pacific. AFN American Forces Network &reg; is a registered trademark of the U.S. Department of Defense. -- Note added 5/8/15 14:18,http://afnpacific.net/,5/8/15 14:17
ajcity.net,,,,Local,,Arizona,"Apache Junction, AZ -- Note added 11/18/13 14:35",http://www.ajcity.net/,6/6/13 18:08
alalinc.net,,,,State,,Alabama,"Alabama's Legal Information Center, Alabama Supreme Court and State Law Library Catalog -¬¨‚Ä†catalog.alalinc.net and 2.alalinc.net -- Note added 6/12/13 16:43",#N/A,6/7/13 12:00
albanymo.net,,,,Local,,Missouri,"City of Albany, MO -- Note added 9/2/15 14:11",http://www.albanymo.net/,6/6/13 18:08
alleghenytownship.net,,,,Local,,Pennsylvania,"Allegheny Township, Westmoreland County, PA -- Note added 9/23/15 12:55",http://alleghenytownship.net/,9/23/15 12:55
altamontil.net,,,,Local,,Illinois,"City of Altamont, IL -- Note added 7/1/14 18:55",http://altamontil.net/,6/6/13 18:08
amadorcity.net,,,,Local,,California,"Amador City, CA -- Note added 3/3/15 13:11",http://www.amador-city.com/,3/3/15 13:10
anaheim.net,,,,Local,,California,City of Anaheim website -- Note added 3/3/15 19:03,http://anaheim.net/,6/6/13 18:08
angelinacounty.net,,,,County,,Texas,"Angelina County, TX -- Note added 3/3/15 6:33",http://www.angelinacounty.net/,6/6/13 18:08
apopka.net,,,,Local,,Florida,City of Apoka -- Note added 6/15/15 19:34,http://apopka.net/,6/6/13 18:08
arcadialakes.net,,,,Local,,South Carolina,"arcadia lakes, sc -- Note added 8/28/15 13:17",http://www.arcadialakes.net/,6/6/13 18:08
ascensionparish.net,,,,County,,Louisiana,"Ascension Parish, Louisiana -- Note added 8/21/15 17:38",http://ascensionparish.net/,6/6/13 18:08
astontownship.net,,,,Local,,Pennsylvania,"Aston Township, PA -- Note added 6/30/14 20:47",http://astontownship.net/,6/6/13 18:08
ausabletownship.net,,,,Local,,Michigan,"ausable township, mi -- Note added 9/2/15 19:58",http://ausabletownship.net/,6/6/13 18:08
avondaleboro.net,,,,Local,,Pennsylvania,"Borough of Avondale, PA -- Note added 6/30/14 20:51",http://avondaleboro.net/,6/6/13 18:08
baldwintownship.net,,,,Local,,Michigan,"Baldwin Township, MI -- Note added 7/19/13 12:58",http://baldwintownship.net/,7/19/13 12:58
barnegat.net,,,,Local,,New Jersey,"Barnegat Township, NJ (Ocean County) -- Note added 6/30/14 12:02",http://www.barnegat.net/,6/6/13 18:08
basalt.net,,,,Local,,Colorado,"Town of Basalt, CO -- Note added 7/11/14 5:20",http://basalt.net/,6/6/13 18:08
beaverutah.net,,,,Local,,Utah,"City of Beaver, UT -- Note added 8/19/14 4:59",http://beaverutah.net/,6/6/13 18:08
bellefonte.net,,,,Local,,Pennsylvania,"Borough of Bellefonte, PA -- Note added 7/1/14 12:50",http://bellefonte.net/,6/6/13 18:08
belleville.net,,,,Local,,Illinois,"City of Belleville, IL -- Note added 7/1/14 19:16",http://belleville.net/,6/6/13 18:08
bellevue.net,,,,Local,,Nebraska,"City of Bellevue, NE -- Note added 12/6/13 18:49",http://bellevue.net/,6/6/13 18:08
berkshireny.net,,,,Local,,New York,"Town of Berkshire, NY -- Note added 6/28/13 16:57",http://www.berkshireny.net/,6/6/13 18:08
bethelpark.net,,,,Local,,Pennsylvania,"Municipality of Bethel Park, PA -- Note added 7/1/14 13:01",http://www.bethelpark.net/,6/6/13 18:08
big-valley.net,,,,Local,,California,REVISIT - http://big-valley.net and http://www.big-valley.net both redirect to the tribe's Outlook web access. No homepage was found. -- Note added 12/4/13 19:41,#N/A,6/6/13 18:08
bloomfieldhillsmi.net,,,,Local,,Michigan,"bloomfield hills, mi -- Note added 9/2/15 20:02",http://bloomfieldhillsmi.net/,6/6/13 18:08
bonneterre.net,,,,Local,,Missouri,"City of Bonne Terre, MO -- Note added 10/21/14 18:50",http://bonneterre.net/,6/6/13 18:08
boroughofwoodbine.net,,,,Local,,New Jersey,"Borough of Woodbine, NJ -- Note added 12/4/13 19:12",http://boroughofwoodbine.net/,6/6/13 18:08
bowdon.net,,,,Local,,Georgia,"Bowdon, Ga -- Note added 8/25/15 14:11",http://bowdon.net/,6/6/13 18:08
boydeniowa.net,,,,Local,,Iowa,"Boyden, Ia -- Note added 8/25/15 19:59",http://boydeniowa.net/,6/6/13 18:08
bozeman.net,,,,Local,,Montana,"City of Bozeman, MT -- Note added 11/22/13 12:38",http://www.bozeman.net/Home,6/6/13 18:08
bradleyco.net,,,,County,,Tennessee,"Bradley County, TN -- Note added 6/20/14 14:33",http://bradleyco.net/,6/6/13 18:08
braselton.net,,,,Local,,Georgia,"Braselton, Ga -- Note added 8/25/15 14:13",http://braselton.net/,6/6/13 18:08
bridgeportwashington.net,,,,Local,,Washington,"City of Bridgeport, WA -- Note added 9/12/14 5:26",http://www.bridgeportwashington.net/,6/6/13 18:08
brightok.net/cartercounty,,,,County,,Oklahoma,"Carter County, OK -- Note added 7/5/13 17:59",http://brightok.net/cartercounty/,6/6/13 18:08
brunsco.net,,,,County,,North Carolina,"brunswick county, nc -- Note added 9/11/15 18:24",http://www.brunswickcountync.gov/,6/6/13 18:08
bullochcounty.net,,,,County,,Georgia,"Bulloch County, Ga -- Note added 8/25/15 14:17",http://bullochcounty.net/,6/6/13 18:08
business.centurytel.net/st.helenapj,,,,County,,Louisiana,"St. Helena Parish, La -- Note added 8/24/15 15:42",http://sthelenaparish.la.gov/,6/6/13 18:08
buttecounty.net,,,,County,,California,"Butte County, CA -- Note added 3/21/14 19:35",https://www.buttecounty.net/,6/6/13 18:08
buyaccessible.net,General Services Administration (GSA),,Unused,Federal,,,"Domain unresponsive, but still registered. -DPM 11/15/22. Section 508 blog, U.S. General Services Administration -- Note added 6/14/13 18:27",#N/A,6/6/13 18:08
cadillac-mi.net,,,,Local,,Michigan,"cadillac, mi -- Note added 9/2/15 20:26",http://cadillac-mi.net/,6/6/13 18:08
canosiatownship.qwestoffice.net,,,,Local,,Minnesota,"Canosia Township, MN -- Note added 3/24/15 2:12",http://www.canosiatownship.qwestoffice.net/index.html,6/6/13 18:08
cantonms.net,,,,Local,,,Canton Mississippi's Economic Development -- Note added 1/17/14 17:35,#N/A,1/17/14 17:35
capecoral.net,,,,Local,,Florida,"Cape Coral, FL -- Note added 6/16/15 14:12",http://capecoral.net/,6/6/13 18:08
carocity.net,,,,Local,,Michigan,"caro city, mi -- Note added 9/2/15 20:27",http://www.carocity.net/,6/6/13 18:08
carrollcountyohio.net,,,,County,,Ohio,"Carroll County, OH -- Note added 3/11/14 14:36",http://carrollcountyohio.net/,6/6/13 18:08
carrolltonky.net,,,,Local,,Kentucky,"carrollton, ky -- Note added 8/27/15 16:13",http://www.carrolltonky.net/,6/6/13 18:08
catawbaindian.net,,,,Local,,South Carolina,"Catawba Indian Nation (Rock Hill, SC) -- Note added 7/25/13 18:25",http://catawbaindian.net/,6/6/13 18:08
ccgov.net,,,,County,,Wyoming,"Campbell County, WY -- Note added 11/20/13 20:18",http://www.ccgov.net/,6/6/13 18:08
ccpa.net,,,,County,,Pennsylvania,"Cumberland County, PA -- Note added 7/1/14 19:30",http://ccpa.net/,6/6/13 18:08
centernd.net,,,,Local,,North Dakota,"City of Center, ND -- Note added 7/18/14 5:30",http://www.centernd.net/,6/6/13 18:08
centervilleut.net,,,,Local,,Utah,"Centerville City, UT -- Note added 3/20/14 17:55",http://www.centervilleut.net/,6/6/13 18:08
chathamil.net,,,,Local,,Illinois,"Village of Chatham, IL -- Note added 7/1/14 19:30",https://www.chathamil.net/,6/6/13 18:08
cheboygancounty.net,,,,County,,Michigan,"cheboygan county, mi -- Note added 9/2/15 20:31",http://www.cheboygancounty.net/,6/6/13 18:08
chemehuevi.net,,,,Native Sovereign Nation / Tribal,,California,"Chemehuevi Indian Tribe, Havasu Lake, CA -- Note added 7/19/13 17:32",http://chemehuevi.net/home.php,6/6/13 18:08
cherokeeiowa.net,,,,Local,,Iowa,"Cherokee, Ia -- Note added 8/25/15 20:04",http://cherokeeiowa.net/,6/6/13 18:08
chesapeakebay.net,,,,State,,Virginia,"Chesapeake Bay Program, Restoration of the Chesapeake Bay http://www.chesapeakebay.net -- Note added 11/20/13 16:26",http://www.chesapeakebay.net/,6/6/13 18:09
chesnee.net,,,,Local,,South Carolina,"chesnee, sc -- Note added 8/28/15 13:22",http://www.cityofchesnee.org/default.asp?sec_id=180007731,6/6/13 18:08
chicagocfc.net,Combined Federal Campaign,,,Federal,,Illinois,Combined Federal Campaign for the Midwest -- Note added 7/1/14 19:27,http://www.chicagocfc.net/,6/6/13 18:08
chinoaz.net,,,,Local,,Arizona,"Town of Chino Valley, AZ -- Note added 12/11/13 13:55",http://chinoaz.net/index.shtml,6/6/13 18:08
churchville.net,,,,Local,,New York,"Village of Churchville,NY -- Note added 6/17/15 17:13",http://churchville.net/,6/6/13 18:08
churubusco.net,,,,County,,Indiana,"churubusco, In -- Note added 8/27/15 14:20",http://churubusco.net/,6/6/13 18:08
ciceronewyork.net,,,,Local,,New York,"Town of Cicero, NY -- Note added 6/17/15 17:27",http://ciceronewyork.net/,6/6/13 18:08
citrusheights.net,,,,Local,,California,"City of Citrus Heights, CA -- Note added 7/19/13 17:49",http://citrusheights.net/home/index.asp,6/6/13 18:08
cityofalbany.net,,,,Local,,Oregon,"City of Albany, OR -- Note added 6/17/14 15:03",http://cityofalbany.net/,6/6/13 18:08
cityofalliance.net,,,,Local,,Nebraska,"City of Alliance, NE -- Note added 12/6/13 18:54",http://cityofalliance.net/,6/6/13 18:08
cityofashland.net,,,,Local,,Alabama,"City of Ashland, AL -- Note added 6/12/13 19:00",http://cityofashland.net/,6/6/13 18:08
cityofbatavia.net,,,,Local,,Illinois,"City of Batavia, IL -- Note added 7/1/14 19:39",http://cityofbatavia.net/,6/6/13 18:08
cityofberlin.net,,,,Local,,Wisconsin,"City of Berlin, WI -- Note added 8/27/13 13:58",http://www.cityofberlin.net/modules/web/index.php/id/1/BerlinWisconsin,6/6/13 18:08
cityofbrandon.net,,,,Local,,Mississippi,"City of Brandon, MS -- Note added 7/8/14 20:56",http://www.cityofbrandon.net/,6/6/13 18:08
cityofbridgeport.net,,,,Local,,Texas,"City of Bridgeport, TX -- Note added 6/10/15 5:46",http://cityofbridgeport.net/,6/6/13 18:08
cityofcalifornia.net,,,,Local,,Missouri,"City of California, MO. -- Note added 9/30/15 15:15",http://www.cityofcalifornia.net/,6/6/13 18:08
cityofcalimesa.net,,,,Local,,California,"City of Calimesa, CA website -- Note added 4/20/15 16:16",http://cityofcalimesa.net/,6/6/13 18:08
cityofchesapeake.net,,,,Local,,Virginia,"City of Chesapeake, VA -- Note added 12/5/13 15:09",http://www.cityofchesapeake.net/,6/6/13 18:08
cityofcordova.net,,,,Local,,Alaska,"City of Cordova, AK -- Note added 6/7/13 13:03",http://cityofcordova.net/,6/6/13 18:08
cityofcumberland.net,,,,Local,,Wisconsin,"City of Cumberland, WI -- Note added 7/31/14 5:17",http://cityofcumberland.net/,6/6/13 18:08
cityofcumming.net,,,,Local,,Georgia,"city of Cumming, Ga -- Note added 8/25/15 14:34",http://www.cityofcumming.net/,6/6/13 18:08
cityofeasley.net,,,,Local,,South Carolina,"easley, sc -- Note added 8/28/15 13:30",http://www.cityofeasley.com/,6/6/13 18:08
cityofelberton.net,,,,Local,,Georgia,"city of Elberton, Ga -- Note added 8/25/15 14:36",http://cityofelberton.net/,6/6/13 18:08
cityofelmira.net,,,,Local,,New York,"City of Elmira, NY -- Note added 6/17/15 17:29",http://www.cityofelmira.net/,6/6/13 18:08
cityofenterprise.net,,,,Local,,Alabama,"City of Enterprise, AL -- Note added 6/17/13 13:48",http://www.enterpriseal.gov/,6/6/13 18:08
cityofenumclaw.net,,,,Local,,Washington,"City of Enumclaw, WA -- Note added 8/26/13 18:29",http://cityofenumclaw.net/,6/6/13 18:08
cityoffircrest.net,,,,Local,,Washington,"City of Fircrest, WA -- Note added 11/24/14 6:47",http://www.cityoffircrest.net/,6/6/13 18:08
cityofforsyth.net,,,,Local,,Georgia,"City of Forsyth, Ga -- Note added 8/25/15 14:37",http://www.cityofforsyth.net/,6/6/13 18:08
cityoffremont.net,,,,Local,,Michigan,"city of fremont, mi -- Note added 9/3/15 14:06",http://cityoffremont.net/web/index.asp,6/6/13 18:08
cityofgibraltar.net,,,,Local,,Michigan,"city of gibraltar, mi -- Note added 9/3/15 14:07",http://cityofgibraltar.net/,6/6/13 18:08
cityofgigharbor.net,,,,Local,,Washington,"City of Gig Harbor, WA -- Note added 11/26/14 6:50",http://cityofgigharbor.net/,6/6/13 18:08
cityofgolden.net,,,,Local,,Colorado,"City of Golden, CO -- Note added 10/30/15 16:22",http://www.cityofgolden.net/,10/30/15 16:22
cityofhamilton.net,,,,Local,,Montana,"City of Hamilton, MT -- Note added 11/22/13 12:46",http://cityofhamilton.net/,6/6/13 18:08
cityofjackson.net,,,,Local,,Tennessee,"City of Jackson, TN -- Note added 6/23/14 9:45",http://cityofjackson.net/,6/6/13 18:08
cityofjacksonville.net,,,,Local,,Arkansas,"City of Jacksonville, AR -- Note added 7/17/13 18:16",http://cityofjacksonville.net/,6/6/13 18:08
cityofkerman.net,,,,Local,,California,"City of Kerman, CA website -- Note added 4/22/15 22:06",http://cityofkerman.net/,6/6/13 18:08
cityofknox.net,,,,Local,,Indiana,"knox, In -- Note added 8/27/15 14:22",http://cityofknox.net/,6/6/13 18:08
cityoflaplata.net,,,,Local,,Missouri,"City of La Plata, MO -- Note added 7/31/13 14:01",http://cityoflaplata.net/,7/31/13 14:01
cityoflittlefalls.net,,,,Local,,New York,"City of Little Falls, NY -- Note added 6/17/15 17:34",http://cityoflittlefalls.net/,6/6/13 18:08
cityoflockport.net,,,,Local,,Illinois,"City of Lockport, IL -- Note added 11/19/13 13:19",http://www.cityoflockport.net/,6/6/13 18:08
cityofls.net,,,,Local,,Missouri,"City of Lee's Summit, MO. -- Note added 10/1/15 15:50",http://cityofls.net/,6/6/13 18:08
cityofmacon.net,,,,Local,,Georgia,"Macon, Ga -- Note added 8/25/15 14:55",http://www.maconbibb.us/,6/6/13 18:08
cityofmechanicsville.net,,,,Local,,Iowa,"Mechanicsville, IA -- Note added 8/25/15 20:11",http://cityofmechanicsville.net/,6/6/13 18:08
cityofmilton.net,,,,Local,,Washington,"City of Milton, WA -- Note added 11/26/14 6:36",http://cityofmilton.net/,6/6/13 18:08
cityofmonticello.net,,,,Local,,Illinois,"City of Monticello, IL -- Note added 12/4/13 20:08",http://cityofmonticello.net/,6/6/13 18:08
cityoforlando.net,,,,Local,,Florida,"The City of Orlando, FL -- Note added 6/16/15 17:03",http://www.cityoforlando.net/,6/6/13 18:08
cityofoviedo.net,,,,Local,,Florida,"The City of Oviedo, FL -- Note added 6/16/15 17:04",http://cityofoviedo.net/,6/6/13 18:08
cityofpasadena.net,,,,Local,,California,"City of Pasadena, CA website -- Note added 5/18/15 21:33",http://cityofpasadena.net/,6/6/13 18:08
cityofperkins.net,,,,Local,,Oklahoma,"perkins, ok -- Note added 8/28/15 16:37",http://cityofperkins.net/,6/6/13 18:08
cityofpetaluma.net,,,,Local,,California,"City of Petalulma, CA website -- Note added 5/18/15 21:58",http://cityofpetaluma.net/,6/6/13 18:08
cityofpointarena.net,,,,Local,,California,"City of Point Arena, CA -- Note added 11/10/15 17:22",http://www.cityofpointarena.net/,6/6/13 18:08
cityofprescott.net,,,,Local,,Arizona,"City of Prescott, AZ -- Note added 12/13/13 12:49",http://cityofprescott.net/,6/6/13 18:08
cityofrichmond.net,,,,Local,,Michigan,"city of richmond, mi -- Note added 9/3/15 14:17",http://www.cityofrichmond.net/,6/6/13 18:08
cityofsalem.net,,,,Local,,Oregon,"City of Salem, OR -- Note added 6/20/14 7:49",http://cityofsalem.net/Pages/default.aspx,6/6/13 18:08
cityofsapulpa.net,,,,Local,,Oklahoma,"supulpa, ok -- Note added 8/28/15 16:37",http://cityofsapulpa.net/,6/6/13 18:08
cityofsherwood.net,,,,Local,,Arkansas,"City of Sherwood, AR -- Note added 10/15/15 17:31",http://cityofsherwood.net/,10/15/15 17:30
cityoftonkabay.net,,,,Local,,Minnesota,"City of Tonka Bay, MN -- Note added 4/19/15 23:29",http://www.cityoftonkabay.net/,6/6/13 18:08
cityofunion.net,,,,Local,,South Carolina,"union, sc -- Note added 8/28/15 13:39",http://www.cityofunion.net/default.asp?sec_id=140005136,6/6/13 18:08
cityofventura.net,,,,Local,,California,"City of Ventura, CA website -- Note added 5/20/15 22:14",http://www.cityofventura.net/,6/6/13 18:08
cityofwaverly.net,,,,Local,,Ohio,"City of Waverly, OH -- Note added 3/13/14 14:26",http://cityofwaverly.net/,6/6/13 18:08
cityofweiser.net,,,,Local,,Idaho,"City of Weiser, ID -- Note added 7/5/13 18:59",http://cityofweiser.net/,6/6/13 18:09
cityofwellington.net,,,,Local,,Kansas,"City of Wellington, KS -- Note added 6/30/14 6:41",http://cityofwellington.net/,6/6/13 18:08
cityofwells.net,,,,Local,,Minnesota,"City of Wells, MN -- Note added 3/24/14 12:12",http://www.cityofwells.net/,6/6/13 18:09
clallam.net,,,,County,,Washington,"Clallum County, WA -- Note added 11/25/14 6:37",http://clallam.net/,6/6/13 18:08
clareco.net,,,,County,,Michigan,"clareco, mi -- Note added 9/3/15 14:21",http://clareco.net/,6/6/13 18:08
cldcentral.usalearning.net,Office of Personnel Management (OPM),,,Federal,,,"OPM Center for Leadership Development OPM's Center for Leadership Development (CLD) is dedicated to transforming leaders to better serve the Federal government.  We offer educational programs built on the ECQs for every stage of your career. As the government designated provider of agency, interagency and tri-sector leadership development, we offer government-to-government courses, certificate programs, tailored solutions and technology systems by USALearning to respond to your immediate challenges and emerging needs. Our innovative services are delivered through blended and eLearning, in classroom settings at our residential centers of the Federal Executive Institute (FEI) in Charlottesville, VA, the Eastern Management Development Center (EMDC) in Washington, DC, and the Western Management Development Center (WMDC) in Denver, CO, your home agency, locations across the United States and internationally. More information can be found in the brochure. -- Note added 8/31/16 16:42",https://cldcentral.usalearning.net/,8/31/16 16:33
clintoncity.net,,,,Local,,Utah,"City of Clinton, UT -- Note added 8/19/14 5:21",http://clintoncity.net/,6/6/13 18:08
clintontn.net,,,,Local,,Tennessee,"City of Clinton, TN -- Note added 6/24/14 6:57",http://clintontn.net/,6/6/13 18:08
coahomacounty.net,,,,County,,Mississippi,"Coahoma County, MS -- Note added 7/23/14 15:03",http://coahomacounty.net/,6/6/13 18:08
coconutcreek.net,,,,Local,,Florida,"City of Coconut Creek, FL -- Note added 9/9/13 19:01",http://coconutcreek.net/,6/6/13 18:08
coj.net,,,,County,,Florida,"Jacksonville and Duval County, FL -- Note added 6/17/15 12:02",http://www.coj.net/,6/6/13 18:08
colliergov.net,,,,County,,Florida,"Collier County, FL -- Note added 6/17/15 12:04",http://www.colliergov.net/,6/6/13 18:08
colliertownship.net,,,,Local,,Pennsylvania,"Collier Township, PA -- Note added 9/9/14 19:45",http://www.colliertownship.net/,6/6/13 18:08
collinsvillealabama.net,,,,Local,,Alabama,"Town of Collinsville, AL -- Note added 7/15/13 14:58",http://collinsvillealabama.net/,6/6/13 18:08
colonialbeachva.net,,,,Local,,Virginia,"Town of Colonial Beach, VA -- Note added 6/6/14 20:11",http://www.colonialbeachva.net/,6/6/13 18:08
columbiacity.net,,,,Local,,Indiana,"Columbia city, In -- Note added 8/27/15 14:26",http://columbiacity.net/,6/6/13 18:08
columbiasc.net,,,,Local,,South Carolina,"columbia, sc -- Note added 8/28/15 13:41",http://columbiasc.net/,6/6/13 18:08
columbustexas.net,,,,Local,,Texas,"City of Columbus, TX -- Note added 7/27/15 6:01",http://www.columbustexas.net/,6/6/13 18:08
conversetx.net,,,,Local,,Texas,"City of Converse, TX -- Note added 7/27/15 6:03",http://conversetx.net/,6/6/13 18:08
cor.net,,,,Local,,Texas,"City of Richardson, TX -- Note added 6/12/13 17:50",http://cor.net/,6/6/13 18:08
cornishnh.net,,,,Local,,New Hampshire,"cornish, nh -- Note added 8/28/15 18:46",http://www.cornishnh.net/,6/6/13 18:08
coshoctoncounty.net,,,,County,,Ohio,"County of Coshocton, OH -- Note added 3/13/14 15:46",http://www.coshoctoncounty.net/,6/6/13 18:08
cppj.net,,,,County,,Louisiana,Calcasieu Parish Police Jury -- Note added 1/13/14 12:05,http://cppj.net/,6/6/13 18:08
cwmtf.net,,,,State,,North Carolina,Clean Water Management Trust Fund  -- Note added 9/11/15 19:49,http://cwmtf.net/,6/6/13 18:08
dallasnc.net,,,,Local,,North Carolina,"dallas, nc -- Note added 9/11/15 19:50",http://dallasnc.net/,6/6/13 18:08
decherd.net,,,,Local,,Tennessee,"City of Decherd, TN -- Note added 6/24/14 7:02",http://decherd.net/,6/6/13 18:08
delawareohio.net,,,,Local,,Ohio,"City of Delaware, OH -- Note added 3/13/14 16:33",http://delawareohio.net/,6/6/13 18:08
demarestnj.net,,,,Local,,New Jersey,"Demarest, NJ -- Note added 9/15/15 19:49",http://demarestnj.net/,6/6/13 18:08
denverboro.net,,,,Local,,Pennsylvania,"Borough of Denver, PA -- Note added 7/19/13 17:48",http://denverboro.net/,6/6/13 18:08
dodsbir.net,Department of Defense (DOD),,,Federal,,,DOD Small Business Innovation Research -- Note added 8/7/14 12:27,http://dodsbir.net/,8/7/14 12:26
dorchestercounty.net,,,,County,,South Carolina,"dorchester county, sc -- Note added 8/28/15 13:45",http://www.dorchestercounty.net/,6/6/13 18:08
douglascountywa.net,,,,County,,Washington,"Douglas County, WA -- Note added 4/7/14 17:49",http://www.douglascountywa.net/,6/6/13 18:08
duanesburg.net,,,,Local,,New York,"Town of Duanesburg, NY -- Note added 6/30/15 16:46",http://duanesburg.net/,6/6/13 18:08
duluthga.net,,,,Local,,Georgia,"Duluth, Ga -- Note added 8/25/15 15:17",http://duluthga.net/,6/6/13 18:08
dundeevillage.net,,,,Local,,Michigan,"dundee village, mi -- Note added 9/3/15 14:31",http://dundeevillage.net/,6/6/13 18:08
dvidshub.net,Department of Defense (DOD),,,Federal,,,Defense Video and Imagery Distribution System (DVIDS) -- Note added 6/6/13 18:08,#N/A,6/6/13 18:08
earlytx.net,,,,Local,,Texas,"City of Early, TX -- Note added 6/6/13 18:09",#N/A,6/6/13 18:09
eastgrandforks.net,,,,Local,,Minnesota,"City of East Grand Forks, MN -- Note added 6/6/13 18:09",#N/A,6/6/13 18:09
eastpennsboro.net,,,,Local,,Pennsylvania,"East Pennsboro Township, PA -- Note added 9/15/14 20:59",http://eastpennsboro.net/,6/6/13 18:08
eastprairiemo.net,,,,Local,,Missouri,"City of East Prairie, MO. -- Note added 10/1/15 20:06",http://www.eastprairiemo.net/,6/6/13 18:08
eastprovidenceri.net,,,,Local,,Rhode Island,"City of East Providence, RI -- Note added 6/7/13 18:35",http://eastprovidenceri.net/,6/6/13 18:08
eastrutherfordnj.net,,,,Local,,New Jersey,"east rutherford, nj -- Note added 9/15/15 19:57",http://eastrutherfordnj.net/,6/6/13 18:08
edgefieldsc.net,,,,Local,,South Carolina,"edgefield, sc -- Note added 8/28/15 13:46",http://www.exploreedgefield.com/,6/6/13 18:08
edinboro.net,,,,Local,,Pennsylvania,"Borough of Edinboro, PA -- Note added 11/22/13 15:10",http://edinboro.net/display.asp?page=home,6/6/13 18:08
elizabethtownship.net,,,,Local,,Pennsylvania,"Elizabeth Township, PA -- Note added 9/25/14 20:53",http://elizabethtownship.net/,6/6/13 18:08
ellisco.net,,,,County,,Kansas,"Ellis County, KS -- Note added 7/1/14 6:37",http://ellisco.net/,6/6/13 18:08
ellsworthks.net,,,,Local,,Kansas,"City of Ellsworth, KS - www.ellsworthks.net -- Note added 6/6/13 18:09",#N/A,6/6/13 18:09
energync.net,,,,State,,North Carolina,"The Energy Section in the Division of Energy, Mineral and Land Resources  -- Note added 9/11/15 19:55",http://portal.ncdenr.org/web/lr/energy-home-new,6/6/13 18:08
erie-county-ohio.net,,,,County,,Ohio,"County of Erie, OH -- Note added 3/14/14 17:53",http://erie-county-ohio.net/,6/6/13 18:08
falloncounty.net,,,,County,,Montana,"Fallon County, MT -- Note added 11/22/13 13:11",http://falloncounty.net/,6/6/13 18:08
farrwestcity.net,,,,Local,,Utah,"Farr West City, UT -- Note added 8/21/14 5:14",http://farrwestcity.net/,6/6/13 18:08
fcsw.net,,,,State,,Florida,"The Florida Commission on the Status of Women - The Florida Commission on the Status of Women is a nonpartisan board, statutorily created in 1991, consisting of 22 appointed members. The Commission is administratively housed in the Office of the Attorney General. -- Note added 7/9/15 14:45",http://fcsw.net/,6/6/13 18:08
florhamparkboro.net,,,,Local,,New Jersey,"Florham Park Borough, Nj -- Note added 9/15/15 20:12",http://www.florhamparkboro.net/,6/6/13 18:08
fordcounty.net,,,,County,,Kansas,"Ford County, KS -- Note added 7/1/14 6:43",http://www.fordcounty.net/,6/6/13 18:08
forestacres.net,,,,Local,,South Carolina,"forest acres, sc -- Note added 8/28/15 13:48",http://www.forestacres.net/,6/6/13 18:08
forestpark.net,,,,Local,,Illinois,"Village of Forest Park, IL -- Note added 7/1/14 20:41",http://www.forestpark.net/dfp/,6/6/13 18:08
fortedwardnewyork.net,,,,Local,,New York,"Town of Fort Edward, NY -- Note added 7/1/15 12:05",http://fortedward.net/,6/6/13 18:08
franklinmaine.net,,,,Local,,Maine,"franklin, maine -- Note added 8/27/15 18:18",http://franklinmaine.com/site/,6/6/13 18:08
frazertownship.net,,,,Local,,Pennsylvania,"Frazer Township, PA -- Note added 9/30/14 13:45",http://frazertownship.net/,6/6/13 18:08
frontiernet.net/~pavtown,,,,Local,,New York,"Town of Pavilion, NY -- Note added 12/6/13 16:59",http://frontiernet.net/~pavtown/,6/6/13 18:08
gadod.net,,,,State,,,Georgia National Guard -- Note added 1/23/14 13:59,#N/A,1/23/14 13:59
gadsdengov.net,,,,County,,Florida,"Gadsden County, FL -- Note added 6/23/15 18:31",http://gadsdengov.net/,6/6/13 18:08
gallianet.net,,,,County,,Ohio,"County of Gallia, OH -- Note added 3/14/14 18:41",http://gallianet.net/index.php,6/6/13 18:08
gardencityny.net,,,,Local,,New York,"Village of Garden City, NY -- Note added 7/1/15 12:16",http://www.gardencityny.net/,6/6/13 18:08
gibsonville.net,,,,Local,,North Carolina,"gibsonville, nc -- Note added 9/11/15 20:07",http://www.gibsonville.net/,6/6/13 18:08
glenrocknj.net,,,,Local,,New Jersey,"glenrock, nj -- Note added 9/16/15 13:40",http://glenrocknj.net/,6/6/13 18:08
glnpo.net,Environmental Protection Agency (EPA),,Unknown,Federal,,,"MX record present. Domain usage unknown. -DPM 11/17/22. Great Lakes National Program Office This site appears to require authentication, but does have some content indexed in search engines. n'The Great Lakes National Program Office (GLNPO) coordinates U.S. efforts with Canada under the https://www.epa.gov/glwqa Great Lakes Water Quality Agreement (GLWQA) to restore and maintain the chemical, physical and biological integrity of the Great Lakes Basin Ecosystem, which includes Lakes Superior, Michigan, Huron, Erie, and Ontario. GLNPO brings together federal, state, tribal, local, and industry partners under the strategic framework of the Great Lakes Restoration Initiative (GLRI) to accomplish the objectives of GLRI action plan which in turn fulfills the aims of the GLWQA. ' From https://www.epa.gov/aboutepa/about-great-lakes-national-program-office-glnpo ; Retrieved December 23, 2016 -- Note added 12/23/16 21:34",#N/A,12/23/16 20:35
govce.net,,,,State,,Virginia,"Virginia Correctional Enterprises, a Department of Corrections work program to produce goods and services for agencies of the Commonwealth of Virginia  -- Note added 11/19/13 21:11",http://www.govce.net/,6/6/13 18:09
governormorehead.net,,,,State,,North Carolina,Governor Morehead School for the Blind -- Note added 7/31/13 16:23,http://www.governormorehead.net/,6/6/13 18:08
grandchute.net,,,,Local,,Wisconsin,"Town of Grand Chute, WI -- Note added 8/5/14 5:36",http://grandchute.net/,6/6/13 18:08
grandcountyutah.net,,,,County,,Utah,"Grand County, UT -- Note added 8/21/14 5:20",http://grandcountyutah.net/,6/6/13 18:08
grantcounty.net,,,,County,,Indiana,"Grant County, In -- Note added 8/27/15 14:34",http://grantcounty.net/,6/6/13 18:08
granthamnh.net,,,,Local,,New Hampshire,"grantham, nh -- Note added 8/28/15 18:56",http://www.granthamnh.net/,6/6/13 18:08
granvillend.net,,,,Local,,North Dakota,"City of Granville, ND -- Note added 7/21/14 6:09",http://www.granvillend.net/,6/6/13 18:08
greatbendks.net,,,,Local,,Kansas,"City of Great Bend, KS -- Note added 7/1/14 11:12",http://greatbendks.net/,6/6/13 18:09
greatfallsmt.net,,,,Local,,Montana,"City of Great Falls, MT -- Note added 11/22/13 13:19",http://www.greatfallsmt.net/,6/6/13 18:08
greatfallssc.net,,,,Local,,South Carolina,"great falls, sc -- Note added 8/28/15 13:50",http://www.greatfallssc.org/,6/6/13 18:08
greatneckplaza.net,,,,Local,,New York,"Village of Grand Neck Plaza, NY -- Note added 7/1/15 12:23",http://greatneckplaza.net/,6/6/13 18:08
guilfordvt.net,,,,Local,,Vermont,"Town of Guilford, VT -- Note added 8/13/14 5:57",http://www.guilfordvt.net/,6/6/13 18:08
hackettstown.net,,,,Local,,New Jersey,"Hackettstown, NJ -- Note added 9/16/15 13:43",http://www.hackettstown.net/,6/6/13 18:08
hamptonsc.net,,,,Local,,South Carolina,"hampton, sc -- Note added 8/28/15 13:53",http://hamptonsc.net/,6/6/13 18:08
hardeecounty.net,,,,County,,Florida,"Hardee County, FL -- Note added 6/23/15 18:42",http://hardeecounty.net/,6/6/13 18:08
hartfordcity.net,,,,Local,,Indiana,"hartford city, In -- Note added 8/27/15 14:35",http://www.hartfordcity.net/,6/6/13 18:08
havasupaifalls.net,,,,Native Sovereign Nation / Tribal,,Arizona," Havasupai Tribe, Supai, AZ -- Note added 11/19/13 18:47",http://www.havasupaifalls.net/index.html,6/6/13 18:08
hawkinsvillega.net,,,,Local,,Georgia,"Hawkinsville, Ga -- Note added 8/25/15 15:23",http://hawkinsvillega.net/,6/6/13 18:08
haywoodnc.net,,,,Local,,North Carolina,"haywood, nc -- Note added 9/11/15 20:15",http://haywoodnc.net/,6/6/13 18:08
hcbcc.net,,,,County,,Florida,"Highlands County, FL -- Note added 6/23/15 18:43",http://hcbcc.net/,6/6/13 18:08
hctx.net,,,,County,,Texas,"Harris County, TX -- Note added 11/18/13 20:03",#N/A,6/6/13 18:08
helpercity.net,,,,Local,,Utah,"Helper City, UT -- Note added 8/21/14 5:24",http://helpercity.net/,6/6/13 18:08
hendryfla.net,,,,Local,,Florida,"Hendry Country, FL -- Note added 6/23/15 18:48",http://hendryfla.net/,6/6/13 18:08
henryco.net,,,,County,,Indiana,"henry county, In -- Note added 8/27/15 14:35",http://henryco.net/,6/6/13 18:08
hermitage.net,,,,Local,,Pennsylvania,"City of Hermitage, PA -- Note added 9/30/14 14:39",http://www.hermitage.net/,6/6/13 18:08
hermon.net,,,,Local,,Maine,"hermon, me -- Note added 8/27/15 18:21",http://hermon.net/,6/6/13 18:08
high-point.net,,,,Local,,North Carolina,high-point convention and visitor center -- Note added 9/11/15 20:17,http://www.highpoint.org/,6/6/13 18:08
hokecounty.net,,,,County,,North Carolina,"hoke county, nc -- Note added 9/11/15 20:17",http://hokecounty.net/,6/6/13 18:08
home.myfairpoint.net/~DBeane,,,,Local,,Maine,"Town of Moscow, ME -- Note added 7/18/14 11:27",http://home.myfairpoint.net/~DBeane/,6/6/13 18:08
home.windstream.net/fayettecity,,,,Local,,Iowa,"City of Fayette, IA -- Note added 12/6/13 15:58",http://fayetteiowa.com/,6/6/13 18:08
homepages.sover.net/~townoff,,,,Local,,New Hampshire,"Acworth, NH -- Note added 9/2/15 17:36",http://homepages.sover.net/~townoff/,6/6/13 18:08
hortonkansas.net,,,,Local,,Kansas,"City of Horton, KS -- Note added 7/7/14 11:22",http://www.cityofhorton.com/,6/6/13 18:08
hotsprgs.net/clerk/,,,,Local,,Montana,"Town of Hot Springs, MT -- Note added 11/22/13 13:25",http://www.hotsprgs.net/clerk/,11/22/13 13:24
hotspringsmt.net/dbth,,,,Local,,Montana,"Town of Hot Springs, MT -- Note added 11/22/13 13:25",http://hotspringsmt.net/dbth/,6/6/13 18:08
houghtoncounty.net,,,,County,,Michigan,"houghton county, mi -- Note added 9/3/15 15:20",http://houghtoncounty.net/,6/6/13 18:08
htc.net/~milltownship,,,,Local,,Illinois,"Millstadt Township, IL -- Note added 7/3/14 13:55",http://www.htc.net/~milltownship/,7/3/14 13:55
huntingdoncounty.net,,,,County,,Pennsylvania,"Huntingdon County, PA -- Note added 9/30/14 14:55",http://huntingdoncounty.net/Pages/HuntingdonCountyHome.aspx,6/6/13 18:08
iop.net,,,,Local,,South Carolina,"City of Isle of Palms, SC -- Note added 11/21/13 14:57",http://iop.net/,6/6/13 18:08
ironcounty.net,,,,County,,Utah,"Iron County, UT -- Note added 11/21/13 15:13",http://ironcounty.net/,6/6/13 18:08
irvington.net,,,,Local,,New Jersey,"Town of Irvington, NJ -- Note added 11/21/13 20:15",https://www.irvington.net/,6/6/13 18:08
islandcounty.net,,,,County,,Washington,"Island County, WA -- Note added 11/21/13 20:20",http://islandcounty.net/,6/6/13 18:08
jacksontwpnj.net,,,,Local,,New Jersey,"jackson township, nj -- Note added 9/16/15 14:47",http://jacksontwpnj.net/,6/6/13 18:08
jamestownny.net,,,,Local,,New York,"City of Jamestown, NY -- Note added 7/1/15 13:58",http://jamestownny.net/,6/6/13 18:08
jamestownri.net,,,,Local,,Rhode Island,"Town of Jamestown, RI -- Note added 6/29/15 12:49",http://www.jamestownri.net/,6/6/13 18:08
jeffersonboro.net,,,,Local,,Pennsylvania,"Borough of Jefferson, PA -- Note added 9/30/14 15:11",http://jeffersonboro.net/home.aspx,6/6/13 18:08
jeffersontownship.net,,,,Local,,New Jersey,"jefferson township, nj -- Note added 9/16/15 14:48",http://jeffersontownship.net/,6/6/13 18:08
jeffparish.net,,,,County,,Louisiana,"Jefferson Parish, LA -- Note added 8/24/15 14:38",http://jeffparish.net/,6/6/13 18:08
jfkadatc.net,,,,State,,North Carolina,Julian F. Keith Alcohol and Drug Abuse Treatment Center. JFK ADATC operates under the authority of the State of North Carolina through the Division of State Operated Healthcare Facilities -- Note added 9/22/15 17:00,http://www.jfkadatc.net/,6/6/13 18:09
kamascity.net,,,,Local,,Utah,"Kamas City, UT -- Note added 8/21/14 5:30",http://kamascity.net/,6/6/13 18:08
keycolonybeach.net,,,,Local,,Florida,"The City of Key Colony Beach, FL -- Note added 6/24/15 17:02",http://keycolonybeach.net/,6/6/13 18:08
kingandqueenco.net,,,,County,,Virginia,"King and Queen County, VA -- Note added 6/17/14 18:21",http://kingandqueenco.net/,6/6/13 18:08
kingstonsprings.net,,,,Local,,Tennessee,"City of Kingston Springs, TN -- Note added 6/25/14 6:25",http://kingstonsprings.net/,6/6/13 18:08
kinross.net,,,,Local,,Michigan,"kinross township, mi -- Note added 9/3/15 15:25",http://www.kinrosstownship-mi.gov/,6/6/13 18:08
kyepsb.net,,,,State,,Kentucky,Kentucky Education Professional Standards Board -- Note added 7/5/13 17:38,http://kyepsb.net/,6/6/13 18:08
laconner.net,,,,Local,,Washington,"Town of La Conner, WA -- Note added 11/20/14 6:45",http://laconner.net/,6/6/13 18:08
lakelandgov.net,,,,Local,,Florida,"The City of Lakeland, FL -- Note added 6/24/15 17:08",http://www.lakelandgov.net/,6/6/13 18:08
lakelinden.net,,,,Local,,Michigan,"lake linden, mi -- Note added 9/3/15 15:27",http://www.lakelinden.net/,6/6/13 18:08
lakeplacidfl.net,,,,Local,,Florida,"The Town of Lake Placid, FL -- Note added 6/24/15 17:14",http://lakeplacidfl.net/,6/6/13 18:08
laurium.net,,,,Local,,Michigan,"Laurium , mi -- Note added 9/3/15 15:29",http://laurium.net/,6/6/13 18:08
lawnside.net,,,,Local,,New Jersey,"lawnside, nj -- Note added 9/16/15 14:58",http://lawnside.net/,6/6/13 18:08
laworks.net,,,,State,,Louisiana,Louisiana Workforce Commission (LAWorks) -- Note added 9/23/15 16:41,http://www.laworks.net/,6/6/13 18:08
leacounty.net,,,,County,,New Mexico,"Lea County, NM -- Note added 7/16/14 5:19",http://www.leacounty.net/default.aspx,6/6/13 18:08
lebanontownship.net,,,,Local,,New Jersey,"Lebanon Township, nj -- Note added 9/16/15 15:01",http://lebanontownship.net/default.aspx,6/6/13 18:08
lebnh.net,,,,Local,,New Hampshire,"Lebanon, NH -- Note added 9/2/15 17:40",http://www.lebnh.net/,6/6/13 18:08
leetsdaleboro.net,,,,Local,,Pennsylvania,"Borough of Leetsdale, PA -- Note added 9/30/14 18:18",http://www.leetsdaleboro.net/,6/6/13 18:08
lefh.net/madbury,,,,Local,,New Hampshire,"Madbury, NH -- Note added 9/2/15 17:41",http://www.townofmadbury.com/,6/6/13 18:08
leopold.wilderness.net,U.S. Forest Service (USFS),,,Federal,,,Aldo Leopold Wilderness Research Institute I Rocky Mountain Research Station I U.S. Forest Service -- Note added 6/6/13 18:08,#N/A,6/6/13 18:08
lewisvillenc.net,,,,Local,,North Carolina,"lewisville, nc -- Note added 9/11/15 20:21",http://www.lewisvillenc.net/,6/6/13 18:08
lexingtonnc.net,,,,Local,,North Carolina,"lexington, nc -- Note added 9/11/15 20:22",http://lexingtonnc.net/,6/6/13 18:08
limestonecounty.net,,,,County,,Alabama,"Limestone County, AL -- Note added 7/15/13 18:09",http://limestonecounty.net/,6/6/13 18:08
limington.net,,,,Local,,Maine,"limington, me -- Note added 8/27/15 18:27",http://limington.net/,6/6/13 18:08
lincolncountynm.net,,,,County,,New Mexico,"County of Lincoln, NM -- Note added 7/16/14 5:20",http://www.lincolncountynm.net/,6/6/13 18:08
lindenwold.net,,,,Local,,New Jersey,"Borough of Lindenwold, nj -- Note added 9/16/15 15:05",http://lindenwold.net/,6/6/13 18:08
livingmemorialsproject.net,U.S. Forest Service (USFS),,,Federal,,,"Living Memorials Project (USDA Forest Service) 'This initiative invokes the resonating power of trees to bring people together and create lasting, living memorials to the victims of terrorism, their families, communities, and the nation.'-- 'About' page -- Note added 6/6/13 18:08",#N/A,6/6/13 18:08
longgrove.net,,,,Local,,Illinois,"Village of Long Grove, IL -- Note added 7/3/14 13:29",http://longgrove.net/,6/6/13 18:08
longprairie.net,,,,Local,,Minnesota,"City of Long Prairie, MN -- Note added 4/26/15 4:38",http://www.longprairie.net/,6/6/13 18:08
lowell.net,,,,Local,,Indiana,"lowell, In -- Note added 8/27/15 14:40",http://lowell.net/,6/6/13 18:08
lynbrookvillage.net,,,,Local,,New York,"Village of Lynbrook, NY -- Note added 7/2/15 9:59",http://lynbrookvillage.net/,6/6/13 18:08
marbletown.net,,,,Local,,New York,"Town of Marbletown, NY -- Note added 7/2/15 10:08",http://www.marbletown.net/,6/6/13 18:08
marioncoks.net,,,,County,,Kansas,"Marion County, KS -- Note added 7/9/14 4:54",http://marioncoks.net/,6/6/13 18:08
marlboroughct.net,,,,Local,,Connecticut,"Town of Marlborough, CT -- Note added 12/16/14 7:03",http://marlboroughct.net/,6/6/13 18:08
masoncity.net,,,,Local,,Iowa,"Mason City, Ia -- Note added 8/25/15 20:45",http://masoncity.net/,6/6/13 18:08
mattapoisett.net,,,,Local,,Massachusetts,"Mattapoisett, Ma -- Note added 8/26/15 16:13",http://mattapoisett.net/Pages/index,6/6/13 18:08
mckenziecounty.net,,,,County,,North Dakota,"McKenzie County, ND -- Note added 1/13/14 20:10",http://mckenziecounty.net/,6/6/13 18:08
mendonutah.net/mendon_city.htm,,,,Local,,Utah,"Mendon City, UT -- Note added 8/21/14 5:48",http://mendonutah.net/mendon_city.htm,6/6/13 18:08
mexicomaine.net,,,,Local,,Maine,"mexico, maine -- Note added 8/27/15 18:38",http://mexicomaine.net/,6/6/13 18:08
milamcounty.net,,,,County,,Texas,"Milam County, TX -- Note added 11/18/13 16:41",#N/A,11/18/13 16:40
mitchellcountyga.net,,,,County,,Georgia,"Mitchell County, Ga -- Note added 8/25/15 15:50",http://mitchellcountyga.net/,6/6/13 18:08
monacapa.net,,,,Local,,Pennsylvania,"Borough of Monaca, PA -- Note added 10/1/14 12:41",http://www.monacapa.net/,6/6/13 18:08
monroetwp.net,,,,Local,,Pennsylvania,"Monroe Township, PA -- Note added 10/1/14 12:42",http://monroetwp.net/,6/6/13 18:08
montague.net,,,,Local,,Massachusetts,"montague, Ma -- Note added 8/26/15 16:14",http://montague.net/Pages/index,6/6/13 18:08
montbelvieu.net,,,,Local,,Texas,"City of Mont Belvieu, TX -- Note added 6/6/13 18:09",#N/A,6/6/13 18:09
morgan-county.net,,,,County,,Utah,"Morgan County, UT -- Note added 2/11/14 19:33",http://www.morgan-county.net/,6/6/13 18:08
mountgilead.net,,,,Local,,Ohio,"Village of Mount Gilead, OH -- Note added 3/25/14 13:30",http://mountgilead.net/,6/6/13 18:08
myquincy.net,,,,Local,,Florida,"The City of Quincy, FL -- Note added 6/24/15 18:04",http://www.myquincy.net/i/,6/6/13 18:08
myweb.cebridge.net/townofkitzmiller,,,,Local,,Maryland,"Town of Kitzmiller, MD -- Note added 5/27/14 3:31",http://myweb.cebridge.net/townofkitzmiller/,6/6/13 18:08
navarreohio.net,,,,Local,,Ohio,"Village of Navarre, OH -- Note added 3/25/14 13:42",http://www.navarreohio.net/,6/6/13 18:08
ncauditor.net,,,,State,,North Carolina,NC Office of the State Auditor -- Note added 1/14/14 13:12,http://www.ncauditor.net/pub4/,6/6/13 18:08
ncbusinesscourt.net,,,,State,,North Carolina,nc business court -- Note added 9/14/15 20:33,http://ncbusinesscourt.net/,6/6/13 18:08
nccgl.net,,,,State,,North Carolina,"The North Carolina Center for Global Logistics is a collaborative effort between community colleges, universities, and industry partners focused on developing a highly trained workforce for the logistics and supply chain industry. -- Note added 9/14/15 20:47",http://www.nccgl.com/,6/6/13 18:08
nccoastalmanagement.net,,,,State,,North Carolina,NC Division of Coastal Management -- Note added 1/14/14 14:16,http://nccoastalmanagement.net/,6/6/13 18:08
nccoastalreserve.net,,,,State,,North Carolina,"NC Coastal Reserve and National Estuarine Research Reserve, NC DEQ -- Note added 11/12/15 14:51",http://www.nccoastalreserve.net/,6/6/13 18:08
ncdmf.net,,,,State,,,"Division of Marine Fisheries, NC DENR -- Note added 11/12/15 14:07",#N/A,6/6/13 18:08
ncdmfstore.net,,,,State,,,NC Marine Fisheries Commission Store -- Note added 11/12/15 14:39,#N/A,6/6/13 18:08
ncfacilitymanagement.net,,,,State,,North Carolina,"Facility Management Division, NC DOA -- Note added 11/12/15 13:45",http://www.ncfacilitymanagement.net/Default.aspx,6/6/13 18:08
ncfisheries.net,,,,State,,North Carolina,Division of Marine Fisheries  -- Note added 9/15/15 16:36,http://portal.ncdenr.org/web/mf/,6/6/13 18:08
ncih.net,,,,State,,North Carolina,NC International House -- Note added 9/15/15 16:44,http://www.ihclt.org/,6/6/13 18:08
ncleg.net,,,,State,,North Carolina,NC Generla Assembly  -- Note added 9/15/15 16:46,http://ncleg.net/,6/6/13 18:08
ncmail.net,,,,State,,North Carolina,State of North Carolina Office of Information Technology Services -- Note added 9/15/15 16:49,http://www.ncmail.net/,6/6/13 18:08
ncoes.net,,,,State,,North Carolina,Welcome to the Grand Chapter of NC Order of the Eastern Star -- Note added 9/15/15 16:57,http://www.oes-nc.org/,6/6/13 18:08
nconemap.net,,,,State,,North Carolina,"NC OneMap, a public service providing comprehensive discovery and access to North Carolina's geospatial data resources. -- Note added 11/12/15 13:13",http://nconemap.net/,6/6/13 18:08
ncradiation.net,,,,State,,North Carolina,"Radiation Protection Section, NC Department of Health and Human Services -- Note added 1/14/14 14:18",http://ncradiation.net/,6/6/13 18:08
ncrea.net,,,,State,,North Carolina,North Carolina Rural Electrification Authority -- Note added 9/15/15 17:14,http://ncrea.net/,6/6/13 18:08
ncsd.net,,,,State,,North Carolina,NC School for the deaf -- Note added 9/15/15 17:17,http://ncsd.net/,6/6/13 18:08
nctopps.ncdmh.net,,,,State,,North Carolina,NC-TOPPS homepage is now http://www.ncdhhs.gov/MHDDSAS/providers/NCTOPPS/index.htm. Entry still included here for nctopps.ncdmh.net pattern for pages such as https://www.google.com/search?q=site%3Anctopps.ncdmh.net. -- Note added 7/23/14 14:41,https://nctopps.ncdmh.net/Nctopps2/Login.aspx,6/6/13 18:08
newberrycounty.net,,,,County,,South Carolina,"newberry county, sc -- Note added 8/28/15 14:52",http://www.newberrycounty.net/,6/6/13 18:08
newlenox.net,,,,Local,,Illinois,"Village of New Lenox, IL -- Note added 7/3/14 15:19",http://newlenox.net/,6/6/13 18:08
newlisbon.net,,,,Local,,Wisconsin,"City of New Lisbon, WI -- Note added 4/2/14 12:45",http://newlisbon.net/,6/6/13 18:08
newlondontwp.net,,,,Local,,Pennsylvania,"New London Township, PA -- Note added 10/1/14 13:33",http://newlondontwp.net/,6/6/13 18:08
newportmaine.net,,,,Local,,Maine,"newport, maine -- Note added 8/27/15 19:42",http://www.newportmaine.net/site/,6/6/13 18:08
newportnh.net,,,,Local,,New Hampshire,"Town of Newport, NH  -- Note added 9/2/15 19:00",http://newportnh.net/,6/6/13 18:08
newroads.net,,,,Local,,Louisiana,"City of New Roads, La -- Note added 8/24/15 15:01",http://newroads.net/,6/6/13 18:08
nicholshills.net,,,,Local,,Oklahoma,"nichols hills, ok -- Note added 8/28/15 16:51",http://nicholshills.net/,6/6/13 18:08
njuifile.net,,,,State,,New Jersey,Department of Labor and Workforce Development   -- Note added 9/16/15 15:53,https://njsuccess.dol.state.nj.us/html/uimain.html,6/6/13 18:08
norcrossga.net,,,,Local,,Georgia,"City of Norcross, Ga -- Note added 8/25/15 15:48",http://norcrossga.net/,6/6/13 18:08
northaugusta.net,,,,Local,,South Carolina,"North Augusta, Sc -- Note added 8/28/15 15:03",http://northaugusta.net/,6/6/13 18:08
northbonneville.net,,,,Local,,Washington,"City of North Bonneville, WA -- Note added 11/18/14 10:33",http://northbonneville.net/,6/6/13 18:08
northbrookfield.net,,,,Local,,Massachusetts,"northbrookfield, Ma -- Note added 8/26/15 16:18",http://northbrookfield.net/,6/6/13 18:08
northprairie.net,,,,Local,,Wisconsin,"Village of North Prairie, WI -- Note added 8/6/14 5:34",http://northprairie.net/,6/6/13 18:08
nvaging.net,,,,State,,Nevada,"Aging and Disability Services Division, Department of Health and Human Services, State of Nevada -- Note added 6/17/13 15:40",#N/A,6/17/13 15:39
oakbrookterrace.net,,,,Local,,Illinois,"City of Oakbrook Terrace, IL -- Note added 7/3/14 15:25",http://www.oakbrookterrace.net/,6/6/13 18:08
oaklyn-nj.net,,,,Local,,New Jersey,"Borough of Oaklyn, NJ -- Note added 11/20/13 12:57",http://www.oaklyn-nj.net/,6/6/13 18:08
ocgov.net,,,,County,,New York,"County of Oneida, NY -- Note added 7/2/15 11:01",http://ocgov.net/,6/6/13 18:08
odebolt.net,,,,Local,,Iowa,"odebolt, Ia -- Note added 8/25/15 20:50",http://odebolt.net/,6/6/13 18:08
oldbrookville.net,,,,Local,,New York,"Village of Old Brookville, NY -- Note added 7/2/15 11:05",http://oldbrookville.net/,6/6/13 18:08
oldhamcounty.net,,,,County,,Kentucky,"old ham county, ky -- Note added 8/27/15 16:52",http://oldhamcounty.net/,6/6/13 18:08
oldtappan.net,,,,Local,,New Jersey,"Borough of Old Tappan, NJ -- Note added 9/16/15 16:13",http://oldtappan.net/,6/6/13 18:08
ongov.net,,,,County,,New York,"County of Onondaga, NY -- Note added 7/2/15 11:08",http://ongov.net/,6/6/13 18:08
orangecountyfl.net,,,,County,,Florida,"Orange County, FL -- Note added 1/14/14 16:32",http://orangecountyfl.net/,6/6/13 18:08
oscn.net,,,,State,,Oklahoma,OK State Court System -- Note added 8/28/15 18:23,http://www.oscn.net/v4/,6/6/13 18:08
owyheecounty.net,,,,County,,Idaho,"Owyhee County, ID -- Note added 7/8/13 19:21",http://owyheecounty.net/index1.php?home,6/6/13 18:08
oxfordmd.net,,,,Local,,Maryland,"Town of Oxford, MD -- Note added 5/27/14 3:42",http://www.oxfordmd.net/,6/6/13 18:08
oxfordms.net,,,,Local,,Mississippi,"City of Oxford, MS -- Note added 7/25/14 17:55",http://oxfordms.net/,6/6/13 18:08
palausupremecourt.net,,,,State,,Palau,Palau Judiciary Branch -- Note added 5/27/14 15:03,http://www.palausupremecourt.net/,5/27/14 15:02
paonews.net,,,,State,,Georgia,Georgia State Defense Force public affairs office. Website mirrored on gasdf.com. Referenced on https://ga.ng.mil/Leadership/Georgia-State-Defense-Force/.,https://paonews.net/,2/23/22 0:00
parkersprairie.net,,,,Local,,Minnesota,"City of Parkers Prairie, MN -- Note added 5/1/15 1:50",http://www.parkersprairie.net/,6/6/13 18:08
parsippany.net,,,,Local,,New Jersey,"Township of Parsippany-Troy Hills, nj -- Note added 9/16/15 16:30",http://www.parsippany.net/,6/6/13 18:08
pascocountyfl.net,,,,County,,Florida,"Pasco County, FL -- Note added 7/1/15 18:26",http://pascocountyfl.net/,6/6/13 18:08
paulbunyan.net/tenlake,,,,Local,,Minnesota,"Ten Lake Township, MN -- Note added 11/20/13 13:53",http://web.paulbunyan.net/tenlake/Ten_Lake_Township.html,6/6/13 18:08
pawlingny.virtualtownhall.net,,,,Local,,New York,"Town of Pawling, NY -- Note added 7/2/15 11:22",http://pawlingny.virtualtownhall.net/Pages/index,6/6/13 18:08
peachcounty.net/government.cfm,,,,County,,Georgia,"Peach County, Ga -- Note added 8/25/15 16:02",http://peachcounty.net/government.cfm,6/6/13 18:08
pearlrivercounty.net,,,,County,,Mississippi,"Pearl River County, MS -- Note added 7/25/14 17:56",http://www.pearlrivercounty.net/,6/6/13 18:08
pegram.net,,,,Local,,Tennessee,"Town of Pegram, TN -- Note added 6/26/14 7:25",http://pegram.net/,6/6/13 18:08
pembrokega.net,,,,Local,,Georgia,"City of Pembroke, Ga -- Note added 8/25/15 16:03",http://pembrokega.net/,6/6/13 18:08
penntownship.net,,,,Local,,Pennsylvania,"Penn Township, Perry County, PA -- Note added 10/1/14 18:30",http://www.penntownship.net/,6/6/13 18:08
pepfar.net,Department of State (DOS),,Redirect,Federal,,,"Subdomains of pepfar.net redirect to pepfar.gov, such as data.pepfar.net to data.pepfar.gov. -DPM 11/17/22. PEPFAR Dashboard, Department of State -- Note added 4/23/15 18:14",http://data.pepfar.net/,4/23/15 17:00
personcounty.net,,,,County,,North Carolina,"person county, NC -- Note added 9/15/15 17:44",http://www.personcounty.net/,6/6/13 18:08
phwd.net,,,,State,,Mississippi,"Pat Harrison Waterway District (PHWD), a Mississippi State Agency that provides camping, cabins and recreational facilities in Mississippi -- Note added 1/13/14 20:28",http://phwd.net/,6/6/13 18:09
pineville.net,,,,Local,,Louisiana,"Pineville, LA -- Note added 8/24/15 15:03",http://pineville.net/,6/6/13 18:08
plattecounty.net,,,,County,,Nebraska,"Platte County, NE -- Note added 12/9/13 18:26",http://www.plattecounty.net/,6/6/13 18:08
polk-county.net,,,,County,,Florida,"Polk County, FL Board of Commissioners -- Note added 7/1/15 18:35",http://www.polk-county.net/boccsite/home/,6/6/13 18:08
prairiedusac.net,,,,Local,,Wisconsin,"Village of Prairie Du Sac, WI -- Note added 8/6/14 5:44",http://www.prairiedusac.net/,6/6/13 18:08
prospectpark.net,,,,Local,,New Jersey,"prospect park borough, nj -- Note added 9/16/15 16:55",http://prospectpark.net/,6/6/13 18:08
prowerscounty.net,,,,County,,Colorado,"Prowers County, CO -- Note added 3/20/14 16:58",http://www.prowerscounty.net/,6/6/13 18:08
psoppc.net,Department of Health and Human Services (HHS),,,Federal,,,"PSOPPC non-.govs have been verified as belonging to HHS by checking the about pages/certificates. Domain is assigned to IPs, but not in active use. PSOPPC was created by HHS' Agency for Healthcare Research and Quality (AHRQ).",,1/23/20 16:24
pvaz.net,,,,Local,,Arizona,"Town of Prescott Valley, AZ -- Note added 12/13/13 13:13",http://pvaz.net/,6/6/13 18:08
qis.net/~uef,,,,State,,Maryland,"Uninsured Employers' Fund, State of Maryland -- Note added 11/20/13 17:37",http://www.qis.net/~uef/,6/6/13 18:08
queensbury.net,,,,Local,,New York,"Town of Queensbury, NY -- Note added 11/20/13 18:27",http://queensbury.net/,6/6/13 18:08
realwarriors.net,Department of Defense,,,Federal,,,"The Real Warriors Campaign encourages help-seeking behavior among service members, veterans and military families coping with invisible wounds. -- from https://www.realwarriors.net/ 3/12/20",https://www.realwarriors.net/,3/12/20
rewardsforjustice.net,Department of State (DOS),,Website - open to public,Federal,,,Rewards for Justice -- Note added 7/31/13 14:25,#N/A,7/31/13 14:25
ridgewoodnj.net,,,,Local,,New Jersey,"village of ridgewood, nj -- Note added 9/16/15 17:05",http://www2.ridgewoodnj.net/main.cfm,6/6/13 18:08
ringwoodnj.net,,,,Local,,New Jersey,"Ringwood, New Jersey   -- Note added 9/16/15 17:06",http://www.ringwoodnj.net/,6/6/13 18:08
riverwoods-il.net,,,,Local,,Illinois,"Village of Riverwoods, IL -- Note added 7/3/14 17:27",http://riverwoods-il.net/,6/6/13 18:08
rmi-op.net,,,,State,,Marshall Islands,"Office of the President, Republic of the Marshall Islands -- Note added 6/12/13 13:31",#N/A,6/6/13 18:08
roaringspring.net,,,,Local,,Pennsylvania,"Roaring Spring Borough, PA -- Note added 10/1/14 20:02",http://roaringspring.net/,6/6/13 18:08
rochesternh.net,,,,Local,,New Hampshire,"rochester, nh -- Note added 9/2/15 19:07",http://www.rochesternh.net/,6/6/13 18:08
rookscounty.net,,,,County,,Kansas,"Rooks County, KS -- Note added 7/10/14 5:45",http://rookscounty.net/,6/6/13 18:08
roscommoncounty.net,,,,County,,Michigan,"roscommon county, mi -- Note added 9/3/15 16:03",http://roscommoncounty.net/,6/6/13 18:08
rosellepark.net,,,,Local,,New Jersey,"roselle park, nj -- Note added 9/16/15 17:20",http://rosellepark.net/,6/6/13 18:08
rswy.net,,,,Local,,Wyoming,"City of Rock Springs, WY -- Note added 6/7/13 16:11",http://rswy.net/,6/6/13 18:08
rumfordmaine.net,,,,Local,,Maine,"rumford, me -- Note added 8/27/15 19:54",http://rumfordmaine.net/,6/6/13 18:08
safesurrender.net,,,,State,,North Carolina,NC Safe Haven Law - Abandoned Infant Protection Law Site -- Note added 9/15/15 17:54,http://www.safesurrender.net/,6/6/13 18:08
san-marcos.net,,,,Local,,California,"City of San Marcos, CA -- Note added 8/25/14 16:57",http://www.san-marcos.net/,6/6/13 18:08
sandersville.net,,,,Local,,Georgia,"Sandersville, Ga -- Note added 8/25/15 16:07",http://sandersville.net/,6/6/13 18:08
sanfordnc.net,,,,Local,,North Carolina,"Sanford, NC -- Note added 9/15/15 17:55",http://sanfordnc.net/,6/6/13 18:08
sanilaccounty.net,,,,County,,Michigan,"sanilac county, mi -- Note added 9/3/15 16:05",http://sanilaccounty.net/,6/6/13 18:08
saukcity.net,,,,Local,,Wisconsin,"Village of Sauk City, WI -- Note added 8/6/14 5:57",http://www.saukcity.net/,6/6/13 18:08
sbpg.net,,,,County,,Louisiana,St. Bernard Parish Government -- Note added 8/24/15 15:08,http://sbpg.net/,6/6/13 18:08
sbtnj.net,,,,Local,,New Jersey,"Township of South Brunswick, NJ -- Note added 11/19/13 21:19",http://www.sbtnj.net/,6/6/13 18:09
sctca.net,,,,Native Sovereign Nation / Tribal,,California,Southern California Tribal Chairmen's Association -- Note added 8/25/14 15:05,http://www.sctca.net/,6/6/13 18:08
scvrd.net,,,,State,,South Carolina,SC Vocab Rehab -- Note added 8/28/15 15:31,http://scvrd.net/,6/6/13 18:08
shadycove.net,,,,Local,,Oregon,"City of Shady Cove, OR -- Note added 6/20/14 7:11",http://shadycove.net/,6/6/13 18:08
shaftsbury.net,,,,Local,,Vermont,"Town of Shaftsbury, VT -- Note added 8/15/14 14:21",http://shaftsbury.net/,6/6/13 18:08
shamong.net,,,,Local,,New Jersey,"shamong township, nj -- Note added 9/16/15 18:55",http://www.shamong.net/,6/6/13 18:08
shapleigh.net,,,,Local,,Maine,"shapleigh, ME -- Note added 8/27/15 19:58",http://shapleigh.net/,6/6/13 18:08
sharonvt.net,,,,Local,,Vermont,"Town of Sharon, VT -- Note added 8/15/14 14:20",http://sharonvt.net/,6/6/13 18:08
shiawassee.net,,,,Local,,Michigan,"shiawassee, mi -- Note added 9/3/15 16:07",http://shiawassee.net/,6/6/13 18:08
showcase.netins.net/web/cityofoxfordjunction,,,,Local,,Iowa,"Oxford Junction, Ia -- Note added 8/26/15 13:40",http://showcase.netins.net/web/cityofoxfordjunction/,6/6/13 18:08
showcase.netins.net/web/wyomingia,,,,Local,,Iowa,"City of Wyoming, Ia -- Note added 8/26/15 13:40",http://www.wyomingia.org/,6/6/13 18:08
sibfl.net,,,,Local,,Florida,"The City of Sunny Isles Beach, FL -- Note added 7/1/15 18:53",http://www.sibfl.net/,6/6/13 18:08
sierracounty.net,,,,County,,New Mexico,"Sierra County, NM -- Note added 8/25/14 14:07",http://www.sierracounty.net/,6/6/13 18:08
sjcounty.net,,,,County,,New Mexico,"San Juan County, NM -- Note added 7/16/14 5:40",http://www.sjcounty.net/,6/6/13 18:08
sjra.net,,,,Regional,,Texas,San Jacinto River Authority -- Note added 7/8/14 12:20,http://sjra.net/,6/6/13 18:08
skagitcounty.net,,,,County,,Washington,"Skagit County, WA -- Note added 8/25/14 12:37",http://skagitcounty.net/Departments/Home,6/6/13 18:08
smcounty.net,,,,County,,New Mexico,"San Miguel County, NM -- Note added 7/16/14 5:41",http://smcounty.net/,6/6/13 18:08
southernpines.net,,,,Local,,North Carolina,"southern pines, NC -- Note added 9/15/15 17:58",http://southernpines.net/,6/6/13 18:08
spindalenc.net,,,,Local,,North Carolina,"Spindale, NC -- Note added 9/15/15 18:00",http://www.spindalenc.net/,6/6/13 18:08
srbc.net,,,,State,,Pennsylvania,"Susquehanna River Basin Commission -¬¨‚Ä†The Susquehanna River Basin Compact, was signed into law on December 24, 1970. The Compact, as adopted by the Congress of the United States, and the legislatures of New York State, Pennsylvania and Maryland, provides the mechanism to guide the conservation, development, and administration of the water resources of the vast river basin. -- Note added 6/26/13 16:30",http://www.srbc.net/,6/6/13 18:08
ssf.net,,,,Local,,California,"City of South San Francisco, CA -- Note added 12/5/13 20:37",http://www.ssf.net/,6/6/13 18:08
statesboroga.net,,,,Local,,Georgia,"City of Statesboro, Ga -- Note added 8/25/15 16:09",http://www.statesboroga.gov/,6/6/13 18:08
steamboatsprings.net,,,,Local,,Colorado,"City of Steamboat Springs, CO -- Note added 7/14/14 6:01",http://steamboatsprings.net/,6/6/13 18:08
stfrancisville.net,,,,Local,,Louisiana,"St. Francisville, La -- Note added 8/24/15 15:10",http://stfrancisville.net/,6/6/13 18:08
stocktonkansas.net,,,,Local,,Kansas,"City of Stockton, KS -- Note added 7/10/14 5:32",http://www.stocktonkansas.net/,6/6/13 18:08
straffordmo.net,,,,Local,,Missouri,"City of Strafford, MO -- Note added 8/25/14 11:51",http://straffordmo.net/,6/6/13 18:08
stregispark.net,,,,Local,,Kentucky,"st regis park, ky -- Note added 8/27/15 16:57",http://www.stregispark.net/,6/6/13 18:08
sullycounty.net,,,,County,,South Dakota,"Sully County, SD -- Note added 7/17/14 6:02",http://sullycounty.net/,6/6/13 18:08
summitoh.net,,,,County,,Ohio,"County of Summit, OH -- Note added 9/9/13 18:56",https://co.summitoh.net/,6/6/13 18:08
swanseatown.net,,,,Local,,South Carolina,"swan seatown, sc -- Note added 8/28/15 15:36",http://swanseatown.net/,6/6/13 18:08
sykesville.net,,,,Local,,Maryland,"Town of Sykesville, MD -- Note added 12/6/13 15:05",http://www.sykesville.net/,6/6/13 18:08
sylacauga.net/government,,,,Local,,Alabama,"City of Sylacauga, AL -- Note added 7/17/13 12:44",http://www.sylacauga.net/,6/6/13 18:08
syrgov.net,,,,Local,,New York,"City of Syracuse, NY -- Note added 1/14/14 13:09",http://www.syrgov.net/home.aspx,6/6/13 18:08
tampagov.net,,,,Local,,Florida,"The City of Tampa, FL -- Note added 7/1/15 19:09",http://www.tampagov.net/,6/6/13 18:08
taylorville.net,,,,Local,,Illinois,"City of Taylorville, IL -- Note added 7/3/14 17:41",http://taylorville.net/,6/6/13 18:08
tewksbury.net,,,,Local,,Massachusetts," tewksbury, ma -- Note added 8/26/15 16:25",http://www.tewksbury-ma.gov/,6/6/13 18:08
tewksburytwp.net,,,,Local,,New Jersey,"Tewksbury township, nj -- Note added 9/16/15 19:18",http://www.tewksburytwp.net/,6/6/13 18:08
thecityofnewport.net,,,,Local,,Oregon,"City of Newport, OR -- Note added 6/20/14 7:05",http://thecityofnewport.net/,6/6/13 18:08
tifton.net,,,,Local,,Georgia,"City of Tifton, Ga -- Note added 8/25/15 16:13",http://www.tifton.net/,6/6/13 18:08
town.medfield.net,,,,Local,,Massachusetts,"Town of Medfield, MA -- Note added 3/24/14 13:29",http://www.town.medfield.net/,6/6/13 18:08
townofaberdeen.net,,,,Local,,North Carolina,"town of aberdeen, NC -- Note added 9/15/15 18:21",#N/A,6/6/13 18:09
townofashland.net,,,,Local,,New York,"Town of Ashland, Chemung County, NY -- Note added 3/24/14 14:09",http://townofashland.net/,3/24/14 14:09
townofboone.net,,,,Local,,North Carolina,"Boone, NC -- Note added 9/15/15 18:26",http://townofboone.net/,6/6/13 18:09
townofbrighton.net,,,,Local,,New York,"Town of Brighton, NY -- Note added 6/6/13 18:09",#N/A,6/6/13 18:09
townofcalabash.net,,,,Local,,North Carolina,"town of calabash, NC -- Note added 9/15/15 18:27",http://townofcalabash.net/,6/6/13 18:09
townofcharlton.net,,,,Local,,Massachusetts,"charlton, Ma -- Note added 8/26/15 16:28",http://townofcharlton.net/,6/6/13 18:09
townofchester.net,,,,Local,,Massachusetts,"Chester, Ma -- Note added 8/26/15 16:29",http://townofchester.net/,6/6/13 18:09
townofclayton.net,,,,Local,,Wisconsin,"Town of Clayton, WI -- Note added 8/8/14 6:00",http://www.townofclayton.net/,6/6/13 18:09
townofdyer.net,,,,Local,,Indiana,"Town of Dyer, IN -- Note added 8/18/14 13:40",http://www.townofdyer.net/edc/,6/6/13 18:09
townoffreedom.net,,,,Local,,New Hampshire,"town of freedom, nh -- Note added 9/2/15 19:39",http://townoffreedom.net/,6/6/13 18:09
townofholden.net,,,,Local,,Massachusetts,"holden, ma -- Note added 8/26/15 16:31",http://www.holdenma.gov/,6/6/13 18:09
townofkershaw.net,,,,County,,South Carolina,"kershaw county, sc -- Note added 8/28/15 15:57",http://www.kershaw.sc.gov/,6/6/13 18:09
townoflaurel.net,,,,Local,,Delaware,"Town of Laurel, DE -- Note added 6/7/13 17:29",http://townoflaurel.net/,6/6/13 18:09
townofmcclellanville-sc.net,,,,Local,,South Carolina,"town of mcclellanville, sc -- Note added 8/28/15 15:58",http://townofmcclellanville-sc.net/,6/6/13 18:09
townofmonument.net,,,,Local,,Colorado,"Town of Monument, CO -- Note added 7/14/14 5:16",http://www.townofmonument.org/,6/6/13 18:09
townofnagshead.net,,,,Local,,North Carolina,"town of nagshead, NC -- Note added 9/15/15 18:37",http://www.nagsheadnc.gov/,6/6/13 18:09
townofnorwell.net,,,,Local,,Massachusetts,"norwell, ma -- Note added 8/26/15 16:34",http://townofnorwell.net/Public_Documents/index,6/6/13 18:09
townofsalem.net,,,,Local,,Wisconsin,"Town of Salem, WI -- Note added 8/12/14 6:03",http://www.townofsalem.net/,6/6/13 18:09
townofsharon.net,,,,Local,,Massachusetts,"Town of Sharon, MA -- Note added 1/14/14 13:36",http://www.townofsharon.net/,6/6/13 18:09
townofsuperior.net,,,,Local,,Wisconsin,"Town of Superior, WI -- Note added 8/12/14 5:48",http://townofsuperior.net/,6/6/13 18:09
trappemd.net,,,,Local,,Maryland,"Town of Trappe, MD -- Note added 5/27/14 4:42",http://www.trappemd.net/,6/6/13 18:09
uaoh.net,,,,Local,,Ohio,"City of Upper Arlington, OH -- Note added 3/28/14 17:11",http://uaoh.net/,6/6/13 18:09
unionbeach.net,,,,Local,,New Jersey,"union beach, nj -- Note added 9/16/15 19:28",http://www.ubnj.net/ubnj/,6/6/13 18:09
upperdublin.net,,,,Local,,Pennsylvania,"Upper Dublin Township, PA -- Note added 10/2/14 18:28",http://www.upperdublin.net/,6/6/13 18:09
user.camtel.net/cameron/public,,,,County,,Louisiana,"Cameron Parish, LA -- Note added 8/24/15 15:29",http://www.parishofcameron.net/,6/6/13 18:09
valleyview.net,,,,Local,,Ohio,"Village of Valley View, OH -- Note added 3/28/14 17:17",http://www.valleyview.net/,6/6/13 18:09
vassalboro.net,,,,Local,,Maine,"vassalboro, me -- Note added 8/27/15 20:16",http://vassalboro.net/,6/6/13 18:09
vcef.net,,,,State,,Virginia,Virginia Career Education Foundation is a non-profit organization that works to increase the number of qualified applicants available to fill technical positions throughout the Commonwealth of Virginia. -- Note added 7/11/14 19:07,http://www.vcef.net/,6/6/13 18:09
veazie.net,,,,Local,,Maine,"Town of Veazie, ME -- Note added 8/14/14 13:31",http://www.veazie.net/Public_Documents/index,6/6/13 18:09
vediccity.net,,,,Local,,Iowa,"Maharishi Vedic City, Iowa -- Note added 8/26/15 14:01",http://www.maharishivediccity-iowa.gov/,6/6/13 18:09
vestaviahills.net,,,,Local,,Alabama,"City of Vestavia Hills, AL -- Note added 7/17/13 13:17",http://vhal.org/,6/6/13 18:09
veteranscrisisline.net,Department of Veterans Affairs (VA),,Website - open to public,Federal,,,Veterans Crisis Line -- Note added 12/5/14 18:42,http://www.veteranscrisisline.net/,12/5/14 18:42
villageofmidlothian.net,,,,Local,,Illinois,"Village of Midlothian, IL -- Note added 6/6/13 18:09",http://villageofmidlothian.net/,6/6/13 18:09
villageoftwinlakes.net,,,,Local,,Wisconsin,"Village of Twin Lakes, WI -- Note added 8/11/14 5:43",http://www.villageoftwinlakes.net/,6/6/13 18:09
vmnh.net,,,,State,,Virginia,"Virginia Museum of Natural History in Martinsville, VA -- Note added 7/11/14 20:20",http://www.vmnh.net/,6/6/13 18:09
wakefieldtownship.net,,,,Local,,Minnesota,"Wakefield Township, Stearns County, MN URL resolves to longer address: nhttp://www.wakefieldtownship.net/wakefieldtownship/myheadline.asp?S=154&P=81607&PubID=5288 -- Note added 6/2/15 2:18",http://www.wakefieldtownship.net,6/6/13 18:09
warrencountyva.net,,,,County,,Virginia,"Warren County, VA -- Note added 7/11/14 20:22",http://www.warrencountyva.net/,6/6/13 18:09
warrentownship.net,,,,Local,,Illinois,"Warren Township, IL -- Note added 7/7/14 15:51",http://www.warrentownship.net/,6/6/13 18:09
washco-md.net,,,,County,,Maryland,"Washington County, MD -- Note added 5/27/14 4:47",http://www.washco-md.net/,6/6/13 18:09
waterboro-me.net,,,,Local,,Maine,"waterboro, me -- Note added 8/27/15 20:17",http://waterboro-me.net/,6/6/13 18:09
waterfordboro.net,,,,Local,,Pennsylvania,"Waterford Borough, PA -- Note added 10/2/14 19:26",http://waterfordboro.net/,6/6/13 18:09
watford.mckenziecounty.net,,,,Local,,North Dakota,"Watford City, ND -- Note added 1/13/14 20:13",#N/A,1/13/14 20:11
waukeganweb.net,,,,Local,,Illinois,"City of Waukegan, IL -- Note added 7/7/14 15:55",http://www.waukeganweb.net/,6/6/13 18:09
wauwatosa.net,,,,Local,,Wisconsin,"City of Wauwatosa, WI -- Note added 6/6/13 18:09",http://wauwatosa.net/,6/6/13 18:09
wctc.net/~belmont,,,,Local,,Wisconsin,"Town of Belmont, WI -- Note added 8/11/14 5:35",http://wctc.net/~belmont/,6/6/13 18:09
webpages.charter.net/westmont,,,,Local,,Pennsylvania,"Westmont Borough, PA -- Note added 10/2/14 19:35",http://webpages.charter.net/westmont/,6/6/13 18:09
whitecounty.net,,,,County,,Georgia,"White County, Ga -- Note added 8/25/15 16:21",http://whitecounty.net/,6/6/13 18:09
whitpaintownship.net,,,,Local,,Pennsylvania,"Whitpain Township, PA -- Note added 10/2/14 20:52",http://whitpaintownship.net/,6/6/13 18:09
wilkescounty.net,,,,County,,North Carolina,"wilkes county, NC -- Note added 9/14/15 20:56",http://wilkescounty.net/,6/6/13 18:09
winonalake.net,,,,Local,,Indiana,"winona lake, In -- Note added 8/27/15 15:04",http://winonalake.net/,6/6/13 18:09
woodbinegeorgia.net,,,,Local,,Georgia,"City of Woodbine, Ga -- Note added 8/25/15 16:22",http://woodbinegeorgia.net/,6/6/13 18:09
woodsoncounty.net,,,,County,,Kansas,"Woodson County, KS -- Note added 7/10/14 5:23",http://woodsoncounty.net/,6/6/13 18:09
wrayco.net,,,,Local,,Colorado,"City of Wray, CO -- Note added 1/14/14 15:05",http://wrayco.net/,6/6/13 18:09
wyandotte.net,,,,Local,,Michigan,"City of Wyandotte, mi -- Note added 9/3/15 16:25",http://wyandotte.net/,6/6/13 18:09
yemassee.net,,,,Local,,South Carolina,"Town of Yemassee, SC -- Note added 11/20/13 18:50",http://www.yemassee.net/,6/6/13 18:09
yerington.net,,,,Local,,Nevada,"City of Yerington, NV -- Note added 11/20/13 18:51",http://yerington.net/,6/6/13 18:09
yubacity.net,,,,Local,,California,"City of Yuba City, CA -- Note added 11/20/13 19:07",http://www.yubacity.net/,6/6/13 18:09
zwollela.net,,,,Local,,Louisiana,"Town of Zwolle, LA -- Note added 6/6/13 18:09",http://zwollela.net/,6/6/13 18:09
csosa.net,Court Services and Offender Supervision Agency,CSOSA OIT,Website - open to public,Federal,Executive,,,,
csosadev.net,Court Services and Offender Supervision Agency,CSOSA OIT,Website,Federal,Executive,,"Parked domain, redirects to CSOSA.gov",,
dcsafesurrender.net,Court Services and Offender Supervision Agency,CSOSA OIT,Website,Federal,Executive,,"Parked domain, redirects to CSOSA.gov",,
cahpsusernetwork.net,Department of Health and Human Services,Agency for Healthcare Research and Quality ,,Federal,Executive,,,,
directihs.net,Department of Health and Human Services,Indian Health Services,DIRECT Protocol Anchor,Federal,Executive,,,,
genbank.net,Department of Health and Human Services,,Defensive Registration,Federal,Executive,,,,
gratefulmed.net,Department of Health and Human Services,,Defensive Registration,Federal,Executive,,,,
hearttruth.net,Department of Health and Human Services,,Redirect,Federal,Executive,,,,
informationrx.net,Department of Health and Human Services,,Defensive Registration,Federal,Executive,,,,
loansomedoc.net,Department of Health and Human Services,,Defensive Registration,Federal,Executive,,,,
medicalbillrights.net,Department of Health and Human Services,Centers for Medicare & Medicaid Services,Redirect,Federal,Executive,,,,
medlars.net,Department of Health and Human Services,,Defensive Registration,Federal,Executive,,,,
medlineplus.net,Department of Health and Human Services,,Defensive Registration,Federal,Executive,,,,
namrs.net,Department of Health and Human Services,Agency for Healthcare Research and Quality ,Open To Public,Federal,Executive,,,,
ncands.net,Department of Health and Human Services,Administration for Children and Families,Open To Public,Federal,Executive,,,,
nihseniorhealth.net,Department of Health and Human Services,National Institutes of Health ,Defensive Redirect,Federal,Executive,,,,
nlm.net,Department of Health and Human Services,National Library of Medicine,Defensive Redirect,Federal,Executive,,,,
nlmgiftshop.net,Department of Health and Human Services,National Library of Medicine,Defensive Redirect,Federal,Executive,,,,
oahpmdata.net,Department of Health and Human Services,Office of the Secretary,Open To Public,Federal,Executive,,,,
psoppc.net,Department of Health and Human Services,,Rediret,Federal,Executive,,,,
pubmed-central.net,Department of Health and Human Services,,Defensive Registration,Federal,Executive,,,,
ssbgportal.net,Department of Health and Human Services,Administration for Children and Families,Open To Public,Federal,Executive,,,,
thehearttruth.net,Department of Health and Human Services,,Redirect,Federal,Executive,,,,
vetmedinfo.net,Department of Health and Human Services,,Defensive Registration,Federal,Executive,,,,
protectivedns.net,Department of Homeland Security,Cybersecurity and Infrastructure Security,Email,Federal,Executive,,,,
rewardsforjustice.net,Department of State,,,Federal,Executive,,,,
doi.net,Department of the Interior,Office of the Chief Information Officer,Internal Infrastructure,Federal,Executive,,,,
pbgc.net,Pension Benefit Guaranty Corporation,,Defensive Registration,Federal,Executive,,Defensive registration - to prevent other from impersonating us.,,
otianywhere.net,United States Agency for International Development ,Conflict Prevention and Stabilization (CPS)/Office of Transition Initiative Anywhere,Website - password protected,Federal,Executive,,Office of Transition Initiative Anywhere is using this website for their user's authentication purposes. This website and the system associated with it (OTIAnyWhere) is planned to be decommissioned in August 2022  ,,
